Actual_LTV,Predicted_LTV,Prediction_Error,LTV_Segment
1430.65,1442.753794968787,-12.103794968787042,Medium LTV
19.3,-43.77688231571456,63.07688231571456,Low LTV
2973.75,2943.943744019387,29.80625598061306,High LTV
481.2000000000001,405.4208171294276,75.77918287057241,Low LTV
4138.85,4147.447466395179,-8.597466395178344,High LTV
980.0,987.0028761075496,-7.002876107549582,Medium LTV
952.75,973.5443121608428,-20.794312160842765,Medium LTV
3481.6,3440.886498850528,40.713501149472,High LTV
970.2,958.1571172432652,12.042882756734798,Medium LTV
4709.25,4553.8912174910565,155.35878250894348,High LTV
4427.5,4444.359804242449,-16.859804242449172,High LTV
1300.2,1304.49663564572,-4.296635645720016,Medium LTV
74.4,14.391690332891224,60.00830966710878,Low LTV
1206.55,1224.7389418684977,-18.188941868497523,Medium LTV
5349.849999999999,5334.573323550012,15.276676449987464,High LTV
838.4499999999999,838.2715914452557,0.1784085547442373,Low LTV
1165.25,1199.541688864913,-34.29168886491311,Medium LTV
275.0,288.56014791827465,-13.560147918274652,Low LTV
828.0,917.0523454722756,-89.05234547227553,Medium LTV
1139.6999999999998,1187.70742036723,-48.00742036723023,Medium LTV
1161.0,1202.7647039822386,-41.76470398223864,Medium LTV
65.55,-70.87255715683654,136.42255715683655,Low LTV
1212.0,1170.050792907629,41.9492070923709,Medium LTV
63.1,-125.78466685746388,188.88466685746388,Low LTV
291.0,310.6745210877183,-19.67452108771829,Low LTV
430.75,348.7057479702261,82.04425202977387,Low LTV
116.85,-10.94314747944469,127.79314747944468,Low LTV
2833.5,2874.5336445319704,-41.03364453197037,High LTV
1293.5,1334.6468756500567,-41.1468756500567,Medium LTV
84.8,76.85347487528213,7.946525124717866,Low LTV
2205.2000000000003,2200.9819491481835,4.21805085181677,Medium LTV
109.75,16.44274518851558,93.30725481148444,Low LTV
4783.200000000001,4749.834317891753,33.36568210824771,High LTV
5011.65,4992.941218866097,18.70878113390245,High LTV
761.85,748.1801484363374,13.669851563662633,Low LTV
3732.4,3757.176198397453,-24.77619839745239,High LTV
547.4,587.0671999320822,-39.66719993208221,Low LTV
110.3,22.02637017982457,88.27362982017542,Low LTV
388.8,475.2761857920776,-86.47618579207756,Low LTV
97.85,247.0293809786221,-149.1793809786221,Low LTV
1040.0,1032.872098019861,7.127901980139086,Medium LTV
99.7,228.92568601859605,-129.22568601859604,Low LTV
1183.1999999999998,1193.8371174762383,-10.6371174762387,Medium LTV
480.0,498.6913578354742,-18.691357835474207,Low LTV
872.9999999999999,872.9464225461979,0.0535774538019495,Low LTV
2191.5,2085.721231264749,105.7787687352511,Medium LTV
3978.0,3980.356341138544,-2.356341138544394,High LTV
222.3,327.7193597733167,-105.4193597733167,Low LTV
1388.05,1400.7940450988026,-12.744045098802644,Medium LTV
2130.0,2125.507698806437,4.492301193563435,Medium LTV
2579.2000000000003,2637.6112628764195,-58.41126287641919,High LTV
2247.5,2245.222860969864,2.2771390301359133,Medium LTV
1893.6,1923.3709067886157,-29.77090678861532,Medium LTV
2129.4,2127.048454120569,2.351545879430887,Medium LTV
1926.75,1926.6900125507768,0.059987449223172,Medium LTV
1653.3000000000002,1604.6315763489276,48.668423651072544,Medium LTV
1584.0,1589.611224344521,-5.611224344520679,Medium LTV
2076.8,1895.0214267789236,181.77857322107684,Medium LTV
4800.0,4723.00232192662,76.99767807337957,High LTV
1413.6,1473.5330920064175,-59.93309200641761,Medium LTV
714.0,664.6260795828854,49.37392041711462,Low LTV
47.05,137.35188226065387,-90.30188226065388,Low LTV
4343.85,4350.826224124481,-6.976224124480723,High LTV
2282.75,2237.4054187775287,45.34458122247133,Medium LTV
115.75,-56.09223173434154,171.84223173434154,Low LTV
19.45,1.3047609206834778,18.14523907931652,Low LTV
3118.05,3244.033982982355,-125.98398298235544,High LTV
1034.4,991.2163039336888,43.18369606631131,Medium LTV
1551.6,1693.1982227187805,-141.5982227187803,Medium LTV
2296.0,2415.9765735410883,-119.97657354108831,High LTV
3530.8,3465.4597848665826,65.34021513341713,High LTV
97.95,-18.981425149819245,116.93142514981923,Low LTV
1244.25,1233.6126714044196,10.637328595580357,Medium LTV
640.15,617.1309473822225,23.019052617777447,Low LTV
455.85,433.6296176852467,22.22038231475324,Low LTV
3874.3,3820.220119192808,54.079880807191785,High LTV
2299.55,2250.842115373884,48.70788462611563,Medium LTV
814.5,889.8953504937191,-75.39535049371909,Low LTV
114.65,-28.43693035771811,143.08693035771813,Low LTV
1153.6,1162.1414077749416,-8.54140777494149,Medium LTV
4622.4,4554.590107101483,67.80989289851641,High LTV
1379.7,1380.9212776273794,-1.2212776273793224,Medium LTV
1383.0,1574.530050709047,-191.5300507090469,Medium LTV
87.1,74.97858284479564,12.121417155204355,Low LTV
1262.5,1262.1379429854612,0.3620570145387773,Medium LTV
3532.25,3533.7622963226345,-1.5122963226344837,High LTV
496.0,550.4759426984218,-54.47594269842182,Low LTV
2031.0,1987.6096473701984,43.39035262980156,Medium LTV
4660.400000000001,4647.676457822021,12.723542177979652,High LTV
341.1,323.46804108962954,17.63195891037043,Low LTV
135.9,241.05033687423773,-105.15033687423772,Low LTV
1434.2,1446.0557622714266,-11.855762271426556,Medium LTV
4413.7,4421.781262943176,-8.081262943175716,High LTV
2327.5,2406.309885538268,-78.80988553826774,High LTV
1598.4,1512.0168985355044,86.38310146449567,Medium LTV
2088.6,2115.24875694849,-26.648756948490245,Medium LTV
5033.599999999999,5113.936811405119,-80.33681140511999,High LTV
1824.7,1844.5682008988988,-19.86820089889875,Medium LTV
2467.9,2465.819486418402,2.0805135815976428,High LTV
4735.549999999999,4734.476911870697,1.0730881293020502,High LTV
1494.55,1507.127500073718,-12.577500073718056,Medium LTV
1290.3,1305.5365405469051,-15.23654054690519,Medium LTV
1235.0,1312.1482682101496,-77.14826821014958,Medium LTV
58.25,60.6588369828703,-2.408836982870298,Low LTV
3212.75,3210.039398477089,2.71060152291102,High LTV
882.4,978.1813727362425,-95.78137273624236,Medium LTV
1595.0,1542.4603195399382,52.539680460061845,Medium LTV
6548.1,6529.448380813687,18.65161918631384,High LTV
1331.7,1348.378984931608,-16.67898493160783,Medium LTV
1393.0,1396.5141155000845,-3.514115500084472,Medium LTV
580.75,602.7461062043368,-21.9961062043368,Low LTV
115.8,-33.71495674263856,149.51495674263856,Low LTV
271.0,288.6981000016218,-17.69810000162181,Low LTV
700.1999999999999,656.4077619876473,43.79223801235264,Low LTV
2372.5,2224.32670710473,148.17329289527015,Medium LTV
4125.900000000001,4092.6633768104593,33.236623189541206,High LTV
2380.5,2364.82161666671,15.678383333290183,High LTV
4156.55,4206.092313245572,-49.54231324557168,High LTV
19.8,19.47660853882409,0.3233914611759054,Low LTV
816.8,852.7984407636992,-35.99844076369925,Low LTV
6544.65,6461.827521345371,82.82247865462887,High LTV
273.29999999999995,238.51376886651963,34.7862311334803,Low LTV
365.4,323.8207854351871,41.57921456481296,Low LTV
1582.75,1618.7850079541904,-36.035007954190405,Medium LTV
1439.25,1437.6476429416148,1.6023570583852234,Medium LTV
2205.0,2229.3392264808817,-24.33922648088173,Medium LTV
3019.2,3055.478304642707,-36.2783046427071,High LTV
131.85000000000002,212.78182770294453,-80.9318277029445,Low LTV
73.35,32.04881207765566,41.30118792234433,Low LTV
2542.7000000000003,2523.9978992726965,18.702100727303787,High LTV
2228.35,2262.4096304687187,-34.05963046871875,Medium LTV
1635.0,1613.1092875075867,21.89071249241329,Medium LTV
3825.25,3759.403122214655,65.84687778534544,High LTV
3180.8,3188.362109013592,-7.562109013591908,High LTV
1440.0,1467.360906418271,-27.360906418271043,Medium LTV
20.5,-40.57662558343415,61.07662558343415,Low LTV
1289.6,1307.0009076616825,-17.400907661682595,Medium LTV
4832.1,4840.004011273592,-7.904011273591095,High LTV
1243.1,1240.9048282130966,2.195171786903529,Medium LTV
2831.4,3006.4884498771903,-175.0884498771902,High LTV
1162.9,1158.6771839625956,4.222816037404527,Medium LTV
1185.6,1217.8441747043776,-32.244174704377656,Medium LTV
1131.0,1139.5278901525785,-8.527890152578493,Medium LTV
369.0,429.7951176453775,-60.795117645377445,Low LTV
5275.3,5254.375967173313,20.92403282668693,High LTV
2761.5,2703.438270733521,58.06172926647878,High LTV
114.6,199.5046555451109,-84.90465554511087,Low LTV
25.55,-37.77736178757431,63.327361787574304,Low LTV
4748.1,4874.71713258174,-126.6171325817395,High LTV
24.75,-65.26548956602718,90.01548956602718,Low LTV
49.4,80.46904018392162,-31.069040183921626,Low LTV
4013.6,4021.955949201663,-8.355949201662497,High LTV
4280.7,4237.44639582367,43.253604176329645,High LTV
675.95,686.1093960480691,-10.159396048069084,Low LTV
2183.8,2211.159679007203,-27.35967900720334,Medium LTV
50.3,12.12586158500978,38.17413841499022,Low LTV
24.45,69.68448037910447,-45.23448037910447,Low LTV
3731.9,3745.736257933423,-13.836257933422983,High LTV
1537.2,1509.205123634055,27.994876365944947,Medium LTV
867.9000000000001,811.8955183559872,56.00448164401291,Low LTV
3804.5,3791.667567628577,12.832432371422785,High LTV
1446.6999999999998,1491.4210181594667,-44.721018159466894,Medium LTV
1388.1,1424.1209760843428,-36.02097608434269,Medium LTV
3566.5,3536.772197340776,29.72780265922438,High LTV
849.5,991.065793242856,-141.56579324285588,Medium LTV
4495.5,4372.469437316184,123.03056268381624,High LTV
19.4,17.696859987964658,1.703140012035341,Low LTV
5481.6,5486.503988709608,-4.903988709607802,High LTV
3061.8,3071.783317556403,-9.983317556402652,High LTV
1651.2,1595.2382005928214,55.96179940717866,Medium LTV
181.7,97.11478741705136,84.58521258294863,Low LTV
3052.0,3084.104391621731,-32.10439162173088,High LTV
1111.5,1169.8863254019768,-58.38632540197682,Medium LTV
1422.4,1438.0893536163542,-15.689353616354085,Medium LTV
88.05,-49.82214467011194,137.87214467011194,Low LTV
3672.25,3615.196416185933,57.05358381406677,High LTV
477.0,552.0862810386116,-75.08628103861156,Low LTV
1175.0,1199.2913632503644,-24.291363250364384,Medium LTV
5754.55,5736.734504223328,17.815495776671924,High LTV
534.0,532.2417018698083,1.758298130191747,Low LTV
2452.9500000000003,2529.206984075674,-76.2569840756737,High LTV
321.4,436.8486869766496,-115.44868697664964,Low LTV
110.9,110.79111813374728,0.108881866252716,Low LTV
1404.9,1558.2780582707746,-153.37805827077477,Medium LTV
153.9,276.2465489204768,-122.3465489204768,Low LTV
304.75,267.29248812916893,37.45751187083107,Low LTV
1483.9,1494.9788532448915,-11.07885324489166,Medium LTV
765.1,582.5529901310306,182.54700986896944,Low LTV
5109.0,5128.017113497486,-19.017113497486207,High LTV
2852.0,2814.3811128430366,37.61888715696341,High LTV
223.9,313.96950670534204,-90.06950670534204,Low LTV
2853.15,2871.921095705711,-18.771095705711105,High LTV
655.5,819.6102499248003,-164.1102499248003,Low LTV
331.4,211.43002668799724,119.96997331200274,Low LTV
55.45,-166.6457350783978,222.0957350783978,Low LTV
308.25,221.5133775974091,86.73662240259091,Low LTV
3640.65,3632.4118999342872,8.238100065712388,High LTV
1316.25,1298.930743635732,17.319256364267858,Medium LTV
3676.2,3666.686144752671,9.513855247329047,High LTV
1835.2,1852.734234508604,-17.53423450860373,Medium LTV
561.4,593.520876384759,-32.12087638475907,Low LTV
198.5,163.71033911205336,34.78966088794664,Low LTV
73.5,-41.59811247790584,115.09811247790584,Low LTV
5120.0,5111.308397595421,8.691602404578589,High LTV
5260.75,5231.669846649142,29.08015335085838,High LTV
3811.5,3825.437759465042,-13.937759465041836,High LTV
3869.25,3853.660278289979,15.589721710020513,High LTV
1892.8,1990.200374584828,-97.40037458482766,Medium LTV
2216.5,2194.250626605259,22.24937339474081,Medium LTV
1937.0,1932.4117410014803,4.588258998519677,Medium LTV
78.0,66.39351559173296,11.606484408267036,Low LTV
20.05,2.1416527226866435,17.908347277313357,Low LTV
85.3,40.78943793766669,44.51056206233331,Low LTV
1322.6,1294.6838373415242,27.91616265847574,Medium LTV
98.2,94.2625152919224,3.937484708077591,Low LTV
941.65,1029.9312363298436,-88.28123632984364,Medium LTV
718.65,908.3966513700584,-189.74665137005843,Medium LTV
3499.2,3495.271881238961,3.928118761038604,High LTV
3127.6,3152.69425624165,-25.094256241649877,High LTV
2221.05,2119.4481626178617,101.601837382138,Medium LTV
2296.8,2290.2828085107312,6.517191489268953,Medium LTV
447.6,595.5501823319298,-147.95018233192985,Low LTV
589.2,551.5072260764505,37.69277392354957,Low LTV
3817.8,3815.7416179706975,2.058382029302265,High LTV
2700.0,2598.287427611865,101.7125723881345,High LTV
84.3,102.93655851436527,-18.63655851436529,Low LTV
287.4,203.5664690750244,83.8335309249756,Low LTV
1840.0,1793.4676477956943,46.53235220430543,Medium LTV
1066.5,982.382209362812,84.11779063718814,Medium LTV
1020.0,1020.9290677558683,-0.9290677558684592,Medium LTV
1166.75,984.9270116063092,181.8229883936908,Medium LTV
4070.4,4101.148579660582,-30.74857966058244,High LTV
4349.7,4371.503757701632,-21.80375770163209,High LTV
3504.0,3490.840915980764,13.15908401923616,High LTV
1715.8,1654.1950672100586,61.60493278994136,Medium LTV
3172.0,3170.2739964854622,1.7260035145377517,High LTV
105.25,331.0612465541475,-225.8112465541475,Low LTV
291.2,271.7932857350769,19.406714264923096,Low LTV
856.9,826.5332367844134,30.366763215586616,Low LTV
4585.5,4639.576557730603,-54.07655773060287,High LTV
1303.5,1326.9678159009986,-23.46781590099863,Medium LTV
1147.55,1178.8394548147714,-31.28945481477149,Medium LTV
2735.3,2621.5702460729185,113.72975392708167,High LTV
73.35,148.49310827846972,-75.14310827846973,Low LTV
2630.4,2647.2054930953136,-16.805493095313977,High LTV
109.95,110.3541901947154,-0.4041901947153832,Low LTV
844.5,1124.7649616638184,-280.26496166381844,Medium LTV
1628.1,1659.1626586095897,-31.06265860958933,Medium LTV
1356.1,1369.45901013314,-13.359010133139918,Medium LTV
5214.0,5241.038344280471,-27.038344280470483,High LTV
100.45,123.29381386259378,-22.843813862593777,Low LTV
1082.7,1103.646366835089,-20.946366835089293,Medium LTV
96.6,164.59654808360318,-67.99654808360319,Low LTV
4494.0,4466.194407652165,27.805592347835045,High LTV
3268.0,3252.046858959804,15.953141040195987,High LTV
3374.4,3350.3611352233493,24.03886477665037,High LTV
1561.6,1561.4585042531974,0.1414957468025477,Medium LTV
136.85,177.5414149779575,-40.69141497795749,Low LTV
546.4,557.5207491674539,-11.120749167453935,Low LTV
1160.5,1140.4919841997962,20.008015800203797,Medium LTV
1037.85,1120.5338635629334,-82.68386356293354,Medium LTV
116.95,-116.40127396056732,233.3512739605673,Low LTV
705.25,659.8530736712783,45.39692632872175,Low LTV
184.5,119.02720073666882,65.47279926333118,Low LTV
4402.75,4405.453049563837,-2.7030495638373395,High LTV
4497.900000000001,4537.221802871318,-39.32180287131723,High LTV
2308.9,2346.642645490259,-37.74264549025884,High LTV
2755.0,2705.57798641726,49.42201358274042,High LTV
3424.4999999999995,3382.145349084464,42.354650915535785,High LTV
254.1,244.40434146541045,9.695658534589596,Low LTV
5062.6,5052.017353777144,10.582646222856056,High LTV
2851.2,2876.1113933410866,-24.91139334108675,High LTV
2509.3,2557.6490317345783,-48.3490317345786,High LTV
3816.0,3785.35034747986,30.64965252014008,High LTV
4764.099999999999,4748.153192820377,15.946807179622738,High LTV
3059.1,3125.832070903743,-66.73207090374308,High LTV
110.15,-12.141340439804964,122.29134043980496,Low LTV
358.5,320.2298866395338,38.27011336046621,Low LTV
1865.0,2089.77644387664,-224.77644387663983,Medium LTV
1497.0,1525.5295307249537,-28.529530724953705,Medium LTV
1112.65,919.4577649032442,193.1922350967559,Medium LTV
944.7,971.2769837347038,-26.57698373470373,Medium LTV
113.15,204.2101576722058,-91.0601576722058,Low LTV
5340.6,5347.556393978297,-6.956393978296546,High LTV
3108.0,3052.973181920948,55.026818079052646,High LTV
897.3000000000001,881.005069883442,16.29493011655802,Low LTV
4404.35,4389.123811488458,15.226188511542205,High LTV
1445.5,1430.153279330294,15.346720669705974,Medium LTV
5921.400000000001,5892.409203892255,28.990796107745155,High LTV
3676.5,3662.388585931706,14.111414068293923,High LTV
92.0,70.64648586897503,21.35351413102497,Low LTV
3249.0,3219.5135078539406,29.48649214605939,High LTV
1537.65,1484.087261646989,53.56273835301113,Medium LTV
1355.4,1392.962474488039,-37.562474488039015,Medium LTV
1753.7,1776.565103011739,-22.865103011738935,Medium LTV
84.45,70.72075183027405,13.729248169725947,Low LTV
793.6500000000001,778.8875577522581,14.762442247742,Low LTV
3248.65,3383.8706985296885,-135.22069852968843,High LTV
1068.55,999.9184398768058,68.63156012319416,Medium LTV
620.0,627.6362383712916,-7.636238371291597,Low LTV
1530.8,1485.8111583745397,44.98884162546028,Medium LTV
2628.0,2613.0500782721097,14.949921727890342,High LTV
92.0,180.03766939114,-88.03766939114001,Low LTV
1349.8000000000002,1486.113483738029,-136.3134837380287,Medium LTV
354.2,345.11795844379395,9.082041556206036,Low LTV
2467.4,2414.767384609397,52.63261539060295,High LTV
814.0500000000001,704.2475774886171,109.80242251138291,Low LTV
3087.75,3070.9947603429287,16.755239657071343,High LTV
1704.0,1715.7103577766884,-11.710357776688396,Medium LTV
125.5,122.97200901529924,2.5279909847007644,Low LTV
950.95,1072.16658626755,-121.21658626754991,Medium LTV
2829.75,2867.923145976872,-38.17314597687164,High LTV
1152.0,1203.6370035451112,-51.63700354511116,Medium LTV
2394.9,2425.8397352455004,-30.939735245500287,High LTV
205.2,99.1888590978624,106.01114090213758,Low LTV
443.3,477.5303905055346,-34.23039050553467,Low LTV
1253.55,1301.8247357514797,-48.27473575147974,Medium LTV
2835.8,2768.614530103275,67.18546989672541,High LTV
2780.7,2808.948790710114,-28.248790710114008,High LTV
4648.1,4575.3790206552,72.72097934480007,High LTV
691.1999999999999,674.5418399241141,16.658160075885803,Low LTV
2973.3,2999.64706214493,-26.347062144929623,High LTV
6199.65,6190.031790005911,9.61820999408883,High LTV
5332.099999999999,5318.772739931981,13.327260068018404,High LTV
2413.5,2414.883296241934,-1.383296241934204,High LTV
1519.0,1501.6159866226512,17.384013377348765,Medium LTV
3667.45,3623.307292505179,44.14270749482148,High LTV
60.95,-144.25801157907543,205.20801157907545,Low LTV
108.2,5.03630477502621,103.1636952249738,Low LTV
514.5,454.2635768631631,60.23642313683689,Low LTV
678.3,683.4810386414761,-5.181038641476107,Low LTV
1534.5,1467.2243182556276,67.27568174437238,Medium LTV
1389.5,1394.5938091226892,-5.093809122689208,Medium LTV
109.7,-178.78063190172335,288.48063190172337,Low LTV
719.6,726.1985047850247,-6.598504785024716,Low LTV
1616.0,1646.42750612905,-30.427506129050016,Medium LTV
790.4,851.2937934721133,-60.89379347211332,Low LTV
1373.6,1418.7292305668864,-45.12923056688646,Medium LTV
754.0,729.9952680198188,24.00473198018119,Low LTV
998.1,1021.3847096558412,-23.284709655841084,Medium LTV
1213.55,1352.9480290991771,-139.3980290991774,Medium LTV
777.0,635.5157870252388,141.48421297476125,Low LTV
103.95,-26.23086295854121,130.1808629585412,Low LTV
175.5,178.32308909073836,-2.823089090738364,Low LTV
5925.15,5936.838741563368,-11.68874156336824,High LTV
3339.35,3267.4974405259527,71.85255947404721,High LTV
1414.5,1420.1563809775134,-5.656380977513436,Medium LTV
3511.2000000000003,3614.686522925436,-103.48652292543602,High LTV
3052.5,3056.428315012666,-3.928315012666189,High LTV
1390.6,1405.3689553117902,-14.76895531179025,Medium LTV
1986.6,1863.7013921557989,122.89860784420148,Medium LTV
1128.6,1124.1740999849762,4.425900015023899,Medium LTV
3166.6,3163.7565620220685,2.843437977931444,High LTV
1579.05,1560.755354969304,18.294645030696078,Medium LTV
5071.05,4961.05932207019,109.99067792980986,High LTV
1437.75,1451.402654073452,-13.652654073451911,Medium LTV
777.0,842.2487333241373,-65.24873332413733,Low LTV
966.6,963.304037321695,3.295962678304932,Medium LTV
556.8,592.8989226171724,-36.098922617172434,Low LTV
3714.9,3696.592564205181,18.30743579481896,High LTV
3182.4,3203.4114238354105,-21.011423835410824,High LTV
4413.799999999999,4422.860861531239,-9.060861531239423,High LTV
426.25,448.4151325848582,-22.165132584858213,Low LTV
25.55,-70.38990949250228,95.93990949250228,Low LTV
3634.65,3692.523581589332,-57.873581589331934,High LTV
2721.6,2769.8095805109665,-48.20958051096659,High LTV
1998.15,1856.572003373108,141.57799662689217,Medium LTV
23.95,-45.67828461597336,69.62828461597336,Low LTV
3492.1,3387.6830940240243,104.41690597597562,High LTV
366.9,397.8266644958444,-30.92666449584442,Low LTV
5890.5,5922.183147052076,-31.683147052075583,High LTV
80.7,160.79252483254788,-80.09252483254788,Low LTV
1227.6,1242.5114714285537,-14.911471428553568,Medium LTV
3330.6,3306.6710368141626,23.928963185837347,High LTV
3272.4,3200.863995600975,71.53600439902493,High LTV
999.6,1005.6152362858444,-6.015236285844367,Medium LTV
2468.2000000000003,2376.487787752341,91.7122122476594,High LTV
4460.799999999999,4465.544800798985,-4.744800798986034,High LTV
3172.0,3131.192615666678,40.80738433332181,High LTV
2839.2,2870.786675556089,-31.58667555608963,High LTV
593.4000000000001,654.675668048107,-61.27566804810692,Low LTV
375.0,378.0628993447907,-3.062899344790708,Low LTV
1302.4,1294.004544682391,8.395455317609049,Medium LTV
1520.4,1595.4817295549626,-75.08172955496275,Medium LTV
1229.9,1208.249611020622,21.65038897937802,Medium LTV
97.7,201.3005651115644,-103.6005651115644,Low LTV
1380.0,1390.9826839241157,-10.98268392411569,Medium LTV
1269.4499999999998,1224.3840220583018,45.06597794169807,Medium LTV
3113.35,3117.0754527932418,-3.725452793241857,High LTV
112.9,104.34942224767263,8.55057775232737,Low LTV
1303.25,1354.4360659720364,-51.18606597203643,Medium LTV
982.45,1026.791521157428,-44.34152115742791,Medium LTV
2024.4,2039.0456592128517,-14.645659212851342,Medium LTV
1277.95,1251.585420978637,26.364579021362715,Medium LTV
1767.9,1781.480321262901,-13.58032126290118,Medium LTV
871.6,759.9929514312018,111.60704856879818,Low LTV
1695.6,1542.280720595648,153.31927940435207,Medium LTV
1890.0,1989.6143560031928,-99.61435600319282,Medium LTV
271.95000000000005,231.7010763623636,40.24892363763644,Low LTV
2452.9500000000003,2514.140299430399,-61.19029943039868,High LTV
2943.0,2936.0022261275494,6.99777387245058,High LTV
533.5,709.2518458268162,-175.75184582681618,Low LTV
84.2,137.23672009343775,-53.03672009343775,Low LTV
656.6999999999999,628.6705947992124,28.02940520078755,Low LTV
668.5,743.3981450885565,-74.89814508855648,Low LTV
2653.35,2587.8840433255946,65.46595667440533,High LTV
2050.65,2193.5663222299145,-142.9163222299144,Medium LTV
1508.0,1555.5020617868183,-47.50206178681833,Medium LTV
2485.0,2500.200859611742,-15.20085961174209,High LTV
895.4999999999999,892.2371585397335,3.2628414602663725,Low LTV
229.9,606.4087436780089,-376.50874367800895,Low LTV
616.5,696.2962305508274,-79.79623055082743,Low LTV
5692.049999999999,5718.200868625963,-26.150868625963994,High LTV
5406.900000000001,5411.363265205109,-4.463265205108655,High LTV
1199.45,1170.938106721323,28.511893278677007,Medium LTV
113.8,386.6653458434117,-272.8653458434117,Low LTV
1194.15,1104.5592483262312,89.59075167376886,Medium LTV
1395.15,1407.7573862022832,-12.607386202283353,Medium LTV
283.2,261.09705089588766,22.102949104112326,Low LTV
1114.5,1339.1592632234508,-224.6592632234508,Medium LTV
1410.0,1345.104540853621,64.89545914637893,Medium LTV
1960.0,1973.1484351877664,-13.148435187765926,Medium LTV
2158.55,2028.7587071153769,129.79129288462286,Medium LTV
1721.4,1712.570102048815,8.829897951184876,Medium LTV
2952.5,2990.693694356986,-38.193694356985816,High LTV
1152.0,1161.5478911053533,-9.5478911053533,Medium LTV
547.5,518.2845724229544,29.2154275770456,Low LTV
95.75,88.7421656220554,7.007834377944604,Low LTV
2876.25,2872.4337787673007,3.816221232699263,High LTV
1024.4,1024.2603000665692,0.1396999334306201,Medium LTV
1263.15,1250.5973255984838,12.552674401516017,Medium LTV
1338.75,1331.2534132470955,7.496586752904477,Medium LTV
84.4,138.75246233767265,-54.35246233767262,Low LTV
5569.200000000001,5545.457295964927,23.742704035073984,High LTV
3739.2,3707.376975069952,31.823024930048177,High LTV
112.25,89.0324601731699,23.217539826830105,Low LTV
4638.900000000001,4614.170159840831,24.72984015916973,High LTV
1285.1999999999998,1293.2285797152192,-8.028579715219394,Medium LTV
2517.7,2529.1759704058964,-11.475970405896533,High LTV
292.5,230.51681551149449,61.98318448850554,Low LTV
2836.4500000000003,2934.7603938546977,-98.3103938546974,High LTV
1349.0,1366.0113914137194,-17.011391413719366,Medium LTV
3221.9999999999995,3192.059781084297,29.940218915702644,High LTV
20.1,-30.59001709972472,50.69001709972472,Low LTV
110.8,142.25439089062735,-31.45439089062735,Low LTV
4648.8,4549.064517897139,99.73548210286116,High LTV
3917.6,3933.966041244178,-16.366041244177723,High LTV
667.8000000000001,657.0879441162089,10.712055883791209,Low LTV
106.7,336.98327040600026,-230.28327040600027,Low LTV
1366.2,1385.480493959922,-19.28049395992207,Medium LTV
4413.15,4367.444457205716,45.70554279428325,High LTV
1224.0,1207.0833648809582,16.916635119041757,Medium LTV
1310.1,1307.4444203866813,2.655579613318878,Medium LTV
2029.05,1948.8182762373128,80.23172376268758,Medium LTV
279.95,287.0564178518728,-7.106417851872777,Low LTV
993.85,1001.5076478533518,-7.657647853351818,Medium LTV
85.45,140.83346966468704,-55.38346966468704,Low LTV
256.4,299.7038767554784,-43.30387675547843,Low LTV
1289.75,1311.8361642063426,-22.086164206342573,Medium LTV
229.5,466.04445989136025,-236.54445989136025,Low LTV
3623.55,3589.650627962507,33.89937203749287,High LTV
24.65,53.58787211692835,-28.937872116928357,Low LTV
355.4,300.73198662910306,54.66801337089692,Low LTV
239.4,231.7341677790184,7.665832220981571,Low LTV
2400.4,2360.951028692624,39.44897130737627,High LTV
2567.25,2580.0529879699343,-12.802987969934293,High LTV
5105.75,5113.857354144324,-8.107354144323835,High LTV
1705.5,1708.6518906302674,-3.151890630267417,Medium LTV
105.75,15.42827576835152,90.32172423164847,Low LTV
117.6,207.4599003769184,-89.8599003769184,Low LTV
1490.0,1543.384896942018,-53.38489694201803,Medium LTV
1250.5500000000002,1257.8731347761284,-7.323134776128199,Medium LTV
228.6,40.065530151042125,188.53446984895788,Low LTV
1444.5,1446.2745120857703,-1.7745120857705388,Medium LTV
4830.0,4854.176082564643,-24.17608256464337,High LTV
1573.0,1612.0257651296265,-39.02576512962651,Medium LTV
1532.3000000000002,1580.6722588052846,-48.372258805284446,Medium LTV
108.1,53.956201099674296,54.1437989003257,Low LTV
770.35,814.9047547980217,-44.55475479802169,Low LTV
1054.6999999999998,1076.560112237422,-21.860112237422072,Medium LTV
1172.0,1236.9300101274368,-64.93001012743684,Medium LTV
894.0,778.0284700766989,115.97152992330108,Low LTV
24.4,23.22489863247032,1.1751013675296775,Low LTV
1230.0,1226.494758267809,3.5052417321910525,Medium LTV
3220.5,3263.095013753731,-42.59501375373111,High LTV
2401.2,2380.125906879275,21.074093120724683,High LTV
1316.25,1336.6543269612198,-20.404326961219795,Medium LTV
200.7,250.9313442130712,-50.2313442130712,Low LTV
377.15,374.165633538109,2.9843664618910566,Low LTV
116.7,2.6439932037447136,114.05600679625528,Low LTV
2170.8,2179.5403591827667,-8.740359182766497,Medium LTV
832.65,738.477732710444,94.17226728955598,Low LTV
1737.4499999999998,1745.4056631395745,-7.955663139574653,Medium LTV
883.1999999999999,919.7458016683656,-36.5458016683657,Medium LTV
822.0,819.9841327352655,2.0158672647345384,Low LTV
83.2,-95.75181013392633,178.9518101339263,Low LTV
935.3,908.339002104579,26.960997895420974,Medium LTV
743.7,798.9672061703932,-55.26720617039314,Low LTV
4464.0,4438.734375377177,25.26562462282345,High LTV
3086.8500000000004,3169.1780616424057,-82.32806164240537,High LTV
4485.0,4537.6941112049335,-52.69411120493351,High LTV
1854.0,1877.879070521012,-23.87907052101218,Medium LTV
2590.9,2563.7647898005407,27.13521019945938,High LTV
5366.7,5339.09735367061,27.602646329390154,High LTV
3250.5,3283.405195720511,-32.905195720511074,High LTV
1675.8,1702.3865452263772,-26.58654522637721,Medium LTV
949.4,949.6343376537023,-0.2343376537024823,Medium LTV
2531.2000000000003,2448.4028467590283,82.79715324097197,High LTV
3176.3,3151.476939613037,24.82306038696288,High LTV
1551.2,1559.9790426810628,-8.77904268106272,Medium LTV
80.45,80.60844987337668,-0.1584498733766821,Low LTV
1731.9,1746.782055613834,-14.882055613833929,Medium LTV
6495.299999999999,6425.187735333322,70.11226466667722,High LTV
1980.5,2023.760316591307,-43.26031659130695,Medium LTV
3234.05,3231.593820506319,2.456179493680793,High LTV
529.2,375.2271686572561,153.97283134274392,Low LTV
3698.3,3640.020521054253,58.27947894574663,High LTV
65.5,-184.4739393353292,249.9739393353292,Low LTV
1405.8,1424.4776474251362,-18.67764742513623,Medium LTV
330.85,290.17596707136346,40.67403292863651,Low LTV
294.0,271.7526005907423,22.247399409257696,Low LTV
4896.5,4872.9124436604325,23.587556339567527,High LTV
78.0,177.65600581374883,-99.65600581374883,Low LTV
2405.25,2379.5559763455512,25.69402365444876,High LTV
24.3,91.70475752048792,-67.40475752048792,Low LTV
24.8,-97.4040636843444,122.2040636843444,Low LTV
1342.25,1338.5875115154668,3.6624884845332417,Medium LTV
892.1999999999999,906.3583707941282,-14.158370794128246,Medium LTV
1342.25,1361.747688509441,-19.497688509441105,Medium LTV
1097.6,1100.86497398005,-3.2649739800499447,Medium LTV
3333.75,3539.178767329307,-205.428767329307,High LTV
1158.0,1166.599957401136,-8.599957401135953,Medium LTV
2401.2,2399.449400643989,1.750599356010753,High LTV
2249.1000000000004,2238.1251844589306,10.974815541069802,Medium LTV
150.89999999999998,121.05340928009436,29.84659071990562,Low LTV
1470.7,1577.4699924767174,-106.76999247671732,Medium LTV
5260.2,5218.857412390204,41.34258760979628,High LTV
4300.5,4226.883456345589,73.61654365441063,High LTV
1100.0,1149.0379691736173,-49.03796917361728,Medium LTV
184.4,195.10052163106295,-10.70052163106297,Low LTV
2497.6,2389.1788866480774,108.42111335192249,High LTV
109.3,133.72783434525724,-24.42783434525724,Low LTV
4218.900000000001,4129.648692949137,89.25130705086394,High LTV
436.05,459.5069875719913,-23.456987571991363,Low LTV
118.75,-67.6542656908542,186.4042656908542,Low LTV
85.75,-12.373193634669349,98.12319363466936,Low LTV
3668.6,3577.6489190637512,90.95108093624869,High LTV
80.1,81.93393640134158,-1.8339364013415889,Low LTV
5137.05,5120.172394977704,16.87760502229594,High LTV
60.45,97.04889473088166,-36.59889473088166,Low LTV
86.65,175.1131375694526,-88.46313756945258,Low LTV
4841.549999999999,4857.2154141783485,-15.665414178349238,High LTV
640.15,649.1792451467334,-9.029245146733388,Low LTV
1435.2,1505.0006742628943,-69.80067426289429,Medium LTV
846.65,789.7576415024113,56.8923584975887,Low LTV
3072.1,3084.666858575961,-12.566858575961303,High LTV
2486.9,2229.1854209481694,257.7145790518307,Medium LTV
1106.0,1152.0548981459085,-46.05489814590828,Medium LTV
1370.1999999999998,1399.9840292008907,-29.784029200890927,Medium LTV
5544.15,5514.199241989896,29.950758010103527,High LTV
661.85,764.5980264668871,-102.74802646688704,Low LTV
3817.1,3817.0744097085935,0.0255902914054786,High LTV
4022.7,4068.277871189902,-45.57787118990154,High LTV
1434.2,1446.0557622714266,-11.855762271426556,Medium LTV
4050.3,4049.352418502151,0.9475814978495692,High LTV
491.25,438.2094082047878,53.04059179521215,Low LTV
318.4,284.40854984136695,33.99145015863303,Low LTV
2294.5,2281.1315576810152,13.368442318984762,Medium LTV
828.0,899.6935607445267,-71.69356074452674,Low LTV
1086.5,1090.2523532126102,-3.75235321261016,Medium LTV
2709.7,2693.3283610760973,16.371638923902537,High LTV
4295.2,4306.546674391029,-11.34667439102941,High LTV
3446.1,3331.157651052589,114.94234894741066,High LTV
25.2,4.388013471018425,20.81198652898157,Low LTV
84.05,29.899582401252736,54.15041759874726,Low LTV
3188.5,3199.9335278443914,-11.433527844391392,High LTV
4819.0,4743.694182689042,75.30581731095845,High LTV
24.25,5.233024578146299,19.0169754218537,Low LTV
100.2,46.91946845990346,53.28053154009654,Low LTV
345.8,478.90990852783045,-133.10990852783044,Low LTV
175.95000000000002,147.1377803906459,28.81221960935412,Low LTV
2218.8,2272.433800326245,-53.63380032624536,Medium LTV
923.4,861.8705444518326,61.52945554816745,Low LTV
1045.5,1076.8860387900152,-31.386038790015164,Medium LTV
361.95,366.0540799543836,-4.1040799543836215,Low LTV
1320.0,1339.530425435226,-19.530425435226107,Medium LTV
2319.55,2412.270249612202,-92.72024961220222,High LTV
5190.900000000001,5161.363930799596,29.5360692004042,High LTV
3729.6,3815.306095062854,-85.70609506285427,High LTV
2285.2,2233.499627087788,51.70037291221206,Medium LTV
1549.1,1462.9183583299323,86.18164167006762,Medium LTV
5731.849999999999,5726.577148994278,5.27285100572135,High LTV
3506.0,3534.5656500050272,-28.56565000502724,High LTV
285.6,220.57260165482865,65.0273983451714,Low LTV
541.8000000000001,548.5276195289814,-6.727619528981336,Low LTV
1025.0,1011.756012612777,13.243987387223,Medium LTV
6857.799999999999,6821.198155047508,36.60184495249087,High LTV
1388.05,1400.9918655203244,-12.941865520324429,Medium LTV
20.25,-123.3522520935084,143.6022520935084,Low LTV
686.8,715.053384499105,-28.253384499105096,Low LTV
4410.0,4441.922857927555,-31.92285792755501,High LTV
3647.8,3683.085463648088,-35.2854636480879,High LTV
2392.8,2210.5409771786426,182.2590228213576,Medium LTV
1893.15,1952.1058442024096,-58.95584420240948,Medium LTV
254.5,384.6931220654552,-130.19312206545516,Low LTV
693.0,728.7975207137066,-35.797520713706604,Low LTV
3448.1000000000004,3491.6953049392587,-43.59530493925831,High LTV
2277.45,2226.238127735353,51.2118722646469,Medium LTV
4349.3,4296.986600020524,52.31339997947634,High LTV
2364.7000000000003,2319.352543195914,45.34745680408605,High LTV
2435.3,2496.770235952419,-61.47023595241899,High LTV
862.1,888.549724719172,-26.449724719171968,Low LTV
898.3,881.9314044988984,16.368595501101595,Low LTV
426.8,372.3284806141791,54.47151938582084,Low LTV
2869.35,2849.970783618124,19.379216381876176,High LTV
2640.0,2636.41788424299,3.582115757009888,High LTV
2083.2,2085.3174532235344,-2.11745322353454,Medium LTV
2322.45,2280.9920731170705,41.457926882929314,Medium LTV
3072.75,3082.357296356152,-9.607296356151892,High LTV
3487.25,3461.719811165406,25.5301888345939,High LTV
1020.8,1068.2579471180377,-47.45794711803762,Medium LTV
2908.8,2868.945690527529,39.85430947247096,High LTV
1142.7,1154.3117180088425,-11.611718008842445,Medium LTV
212.0,172.26863192832877,39.73136807167123,Low LTV
1437.75,1449.537432823167,-11.78743282316691,Medium LTV
831.6,828.9915161549065,2.608483845093474,Low LTV
4339.5,4323.808067096321,15.691932903679117,High LTV
1247.45,1248.0031571976417,-0.5531571976414398,Medium LTV
798.6,819.4997497491901,-20.89974974919005,Low LTV
98.35,181.74702040464337,-83.39702040464337,Low LTV
1078.8000000000002,1030.8787101365283,47.92128986347189,Medium LTV
3174.4,3186.5059662217845,-12.105966221784456,High LTV
2061.0,2070.192418470278,-9.192418470277971,Medium LTV
1135.75,1153.9141270574028,-18.16412705740277,Medium LTV
173.6,163.91550544301847,9.68449455698152,Low LTV
1019.0,1056.203248214526,-37.20324821452596,Medium LTV
2187.0,2306.070694815295,-119.07069481529516,Medium LTV
401.1,355.98617640712206,45.11382359287797,Low LTV
4130.0,4126.221346635033,3.778653364966885,High LTV
106.75,443.2387230125749,-336.48872301257484,Low LTV
3561.2,3611.305676336464,-50.10567633646406,High LTV
1259.6,1195.332995765215,64.26700423478519,Medium LTV
226.05,208.5680977069955,17.48190229300451,Low LTV
843.5,882.7733632939324,-39.27336329393245,Low LTV
1972.5,2037.0530007240127,-64.55300072401292,Medium LTV
100.65,-47.49646055508387,148.14646055508388,Low LTV
1402.25,1418.579158351857,-16.329158351856677,Medium LTV
3865.500000000001,3958.529134829753,-93.02913482975237,High LTV
1296.0,1308.1433318672837,-12.143331867283678,Medium LTV
2162.0,1956.8869595580263,205.11304044197345,Medium LTV
1651.25,1731.848995118008,-80.59899511800813,Medium LTV
854.6999999999999,917.7948071877486,-63.09480718774864,Medium LTV
3083.55,3072.5517253991798,10.998274600820425,High LTV
5246.5,5227.418197649564,19.08180235043619,High LTV
109.25,209.0020474916367,-99.75204749163667,Low LTV
1417.8000000000002,1448.7225537385864,-30.922553738586203,Medium LTV
2754.0,2797.095077353136,-43.095077353135366,High LTV
89.85,-56.26608467827728,146.11608467827728,Low LTV
210.7,113.42769328427588,97.27230671572411,Low LTV
444.0,506.73419732939874,-62.73419732939874,Low LTV
328.25,415.7696814571186,-87.51968145711862,Low LTV
2257.0,2252.890778191371,4.109221808629172,Medium LTV
46.35,-10.165059281749052,56.51505928174905,Low LTV
712.25,761.0470364298918,-48.79703642989182,Low LTV
724.8,731.6520108246497,-6.85201082464971,Low LTV
1175.2,1185.369131399346,-10.169131399345815,Medium LTV
1975.4,1981.5436431593864,-6.143643159386556,Medium LTV
65.2,-68.97739456634156,134.17739456634155,Low LTV
3763.8,3550.084823397768,213.71517660223208,High LTV
1142.6,1174.469209771314,-31.869209771314218,Medium LTV
1732.4,1755.4772592797754,-23.07725927977549,Medium LTV
111.25,79.50996848213998,31.740031517860015,Low LTV
3690.9,3618.858254727606,72.04174527239365,High LTV
1732.4,1744.7983944952132,-12.398394495213324,Medium LTV
4905.9,4896.214170401006,9.685829598993225,High LTV
4386.2,4314.106044380733,72.09395561926704,High LTV
2529.0,2466.861090197804,62.13890980219594,High LTV
1133.9,1119.320528305749,14.579471694251424,Medium LTV
3101.0,3105.712281489088,-4.7122814890876725,High LTV
3564.9,3656.749445164293,-91.84944516429276,High LTV
4897.55,4886.424764357909,11.125235642090956,High LTV
4212.0,4137.580684912822,74.41931508717789,High LTV
4762.8,4713.380938302176,49.41906169782396,High LTV
981.6,948.3939300713864,33.20606992861349,Medium LTV
800.1,742.9159254065725,57.18407459342757,Low LTV
3162.25,3094.012909764738,68.2370902352618,High LTV
4928.0,4901.768255374607,26.23174462539282,High LTV
887.8000000000001,884.7200093705095,3.079990629490567,Low LTV
2044.8,1960.2308672231427,84.56913277685726,Medium LTV
334.9,266.0849682137082,68.8150317862918,Low LTV
2865.2000000000003,2966.565579055617,-101.36557905561676,High LTV
74.85,71.1130728962198,3.736927103780189,Low LTV
231.0,276.64485472571494,-45.644854725714936,Low LTV
5084.8,5076.364973585849,8.435026414151253,High LTV
643.5,584.4309945947341,59.0690054052659,Low LTV
1317.9,1349.6314911998695,-31.731491199869424,Medium LTV
2375.75,2358.964936352069,16.78506364793111,High LTV
3077.4,3094.241917868151,-16.841917868151086,High LTV
436.9,404.1942739859608,32.70572601403916,Low LTV
20.7,-19.227926945894534,39.92792694589454,Low LTV
3880.15,3876.650486559783,3.499513440217015,High LTV
1054.2,1027.8838673583284,26.31613264167163,Medium LTV
1155.0,1131.651042645745,23.34895735425493,Medium LTV
20.55,33.878450350774244,-13.328450350774244,Low LTV
298.5,346.9712808787741,-48.47128087877411,Low LTV
2941.9,2983.3373020141744,-41.43730201417429,High LTV
1444.85,1471.0598867850367,-26.209886785036588,Medium LTV
4819.65,4819.151418365622,0.4985816343778424,High LTV
1444.85,1456.680477175748,-11.830477175748,Medium LTV
96.8,52.06204446421188,44.73795553578812,Low LTV
942.35,973.7248719120628,-31.37487191206276,Medium LTV
1480.0,1455.207565398639,24.79243460136104,Medium LTV
113.15,227.4645049575489,-114.31450495754892,Low LTV
4266.5,4241.922964575075,24.57703542492527,High LTV
64.45,125.48955225415416,-61.03955225415415,Low LTV
1042.6,1038.778726586867,3.8212734131332127,Medium LTV
2465.1,2539.054905369875,-73.95490536987518,High LTV
491.25,492.77231609397785,-1.5223160939779063,Low LTV
3202.3,3185.6777278819272,16.622272118072488,High LTV
3379.0,3354.861030356789,24.138969643211112,High LTV
2933.6,2800.460759710412,133.13924028958854,High LTV
21.0,0.5367655862262808,20.46323441377372,Low LTV
745.3,670.0592221396302,75.2407778603698,Low LTV
4991.0,4960.796711744817,30.203288255183,High LTV
467.4,484.7246746657744,-17.324674665774353,Low LTV
1281.7,1098.282132479621,183.4178675203791,Medium LTV
2282.85,2373.541781065038,-90.69178106503796,High LTV
97.0,102.21259906867124,-5.212599068671239,Low LTV
78.45,-5.436734389097694,83.8867343890977,Low LTV
5303.7,5286.699848605733,17.00015139426705,High LTV
520.0,492.1525134676032,27.84748653239683,Low LTV
783.9000000000001,782.0785541742017,1.8214458257983777,Low LTV
89.9,162.09831532222267,-72.19831532222267,Low LTV
1605.65,1737.6753763383963,-132.0253763383962,Medium LTV
816.8,692.0373194561018,124.76268054389811,Low LTV
4434.1,4378.304436891436,55.79556310856424,High LTV
740.9499999999999,929.285212316051,-188.33521231605107,Medium LTV
1055.75,1104.1217649788923,-48.37176497889232,Medium LTV
3029.4,3061.319278814679,-31.919278814679277,High LTV
3240.05,3175.2755380455496,64.77446195445009,High LTV
2316.6,2325.642954870297,-9.042954870297308,High LTV
722.6999999999999,813.3787417498638,-90.67874174986387,Low LTV
2859.4,2860.90927867774,-1.50927867774044,High LTV
3156.15,3146.866856515524,9.28314348447566,High LTV
264.55,174.28329902668034,90.26670097331969,Low LTV
6041.700000000001,6045.633508081548,-3.933508081547188,High LTV
3190.6,3345.425181936357,-154.82518193635724,High LTV
4560.599999999999,4532.32681557465,28.273184425349427,High LTV
65.1,-46.66807332242227,111.76807332242228,Low LTV
23.3,30.02202712097253,-6.72202712097253,Low LTV
88.05,-144.3629433904811,232.41294339048108,Low LTV
1424.5,1431.156209280908,-6.656209280908115,Medium LTV
511.25,526.6073481628739,-15.357348162873905,Low LTV
748.5,809.7534426970576,-61.25344269705761,Low LTV
3598.0,3599.177309547268,-1.177309547267669,High LTV
765.8499999999999,771.9486257489368,-6.098625748936911,Low LTV
2681.9,2839.0169153340835,-157.1169153340834,High LTV
2369.0,2260.29375023695,108.70624976304998,Medium LTV
1687.2,1688.0393607781143,-0.8393607781144965,Medium LTV
3638.75,3629.2190660914657,9.53093390853428,High LTV
4716.400000000001,4733.203356669557,-16.803356669556706,High LTV
239.2,258.0704647435425,-18.870464743542527,Low LTV
1045.5,1045.7368500197326,-0.2368500197326284,Medium LTV
1547.6999999999998,1545.040956308149,2.659043691851138,Medium LTV
2886.0,2935.313692974462,-49.3136929744619,High LTV
4082.0,4098.099088878926,-16.099088878925613,High LTV
3782.1,3844.86116313024,-62.76116313024022,High LTV
423.0,322.420806711031,100.579193288969,Low LTV
604.8,589.3479501103708,15.452049889629166,Low LTV
3336.45,3403.246589413018,-66.79658941301795,High LTV
3360.15,3292.372769098292,67.77723090170821,High LTV
79.35,-15.772901947438172,95.12290194743817,Low LTV
1075.0,1081.5204667737794,-6.52046677377939,Medium LTV
1175.4,1203.3269043788025,-27.926904378802192,Medium LTV
1989.0,1954.295146229516,34.70485377048385,Medium LTV
4606.8,4639.420183626053,-32.620183626052494,High LTV
1412.9,1429.2038732561778,-16.303873256177894,Medium LTV
3136.05,3126.468234417372,9.581765582628575,High LTV
1931.4,1914.2093841351857,17.190615864814163,Medium LTV
1437.3,1445.1450232870804,-7.845023287080494,Medium LTV
5719.05,5695.824295773547,23.225704226452763,High LTV
1076.0,875.8947625211608,200.1052374788392,Low LTV
2883.2,2902.2196304486324,-19.0196304486326,High LTV
941.85,938.8287444879652,3.021255512034827,Medium LTV
2185.2000000000003,2134.6973127712336,50.50268722876672,Medium LTV
2322.6,2441.744240581156,-119.14424058115584,High LTV
5296.5,5272.765316614443,23.73468338555722,High LTV
913.5,904.2516766916808,9.248323308319186,Low LTV
753.5500000000001,711.4168370137411,42.13316298625898,Low LTV
5360.5,5346.156372059657,14.34362794034314,High LTV
1270.4,1306.20618879936,-35.80618879935992,Medium LTV
4350.0,4396.416068391221,-46.416068391221415,High LTV
3917.2,3823.56947880156,93.63052119843996,High LTV
2628.6,2614.072973805386,14.527026194613882,High LTV
1409.35,1429.5243445242943,-20.174344524294384,Medium LTV
3557.1,3562.2690006495413,-5.169000649541431,High LTV
1406.25,1157.9481684579011,248.30183154209885,Medium LTV
39.6,12.112130956477491,27.487869043522508,Low LTV
1753.7,1766.0659414762774,-12.365941476277383,Medium LTV
2612.25,2523.974072070157,88.27592792984251,High LTV
2691.9,2561.3703638966235,130.52963610337656,High LTV
2970.0,2940.39728252777,29.60271747222987,High LTV
1276.8,1273.583712316707,3.216287683292876,Medium LTV
60.0,74.429055769575,-14.429055769575,Low LTV
1231.75,1239.5649323562066,-7.814932356206555,Medium LTV
2664.9,2584.7163928819887,80.18360711801142,High LTV
2988.8,2966.4119538801338,22.38804611986643,High LTV
86.7,79.59265096478758,7.107349035212423,Low LTV
1204.5,1254.8921103222403,-50.39211032224034,Medium LTV
420.0,399.1580279623468,20.841972037653196,Low LTV
3646.2,3692.458956143389,-46.25895614338924,High LTV
3330.25,3323.529495927706,6.720504072293352,High LTV
2628.8,2611.085936688671,17.714063311329028,High LTV
4351.25,4341.413478685576,9.836521314424315,High LTV
478.8,417.3185453421751,61.48145465782483,Low LTV
252.75,203.2785645510233,49.47143544897671,Low LTV
1374.3,1324.092890007817,50.20710999218295,Medium LTV
1702.8000000000002,1485.1457632676504,217.65423673234977,Medium LTV
4341.65,4334.042464386968,7.607535613031359,High LTV
1248.0,1264.565196137845,-16.565196137845078,Medium LTV
4828.150000000001,4852.677837404593,-24.5278374045929,High LTV
116.25,-132.80214532571014,249.05214532571011,Low LTV
1878.4,1901.01183014301,-22.61183014300991,Medium LTV
3469.05,3386.3373043986585,82.7126956013417,High LTV
40.3,27.66680011534168,12.633199884658318,Low LTV
24.85,-91.2924098837948,116.14240988379478,Low LTV
64.45,-57.45673093603549,121.90673093603549,Low LTV
2837.3,2861.0229289988697,-23.72292899886952,High LTV
1704.3,1789.2398096871675,-84.93980968716778,Medium LTV
345.1,372.0790674783327,-26.97906747833264,Low LTV
59.7,182.24121197443836,-122.54121197443833,Low LTV
2551.5,2420.0394590911133,131.46054090888674,High LTV
4395.2,4371.900689764187,23.29931023581321,High LTV
1061.2,1056.680433365283,4.519566634716966,Medium LTV
717.6,656.7882774503831,60.81172254961689,Low LTV
1016.75,1014.9791654401172,1.7708345598829285,Medium LTV
260.0,225.63901379323227,34.360986206767734,Low LTV
3482.55,3478.5986538818875,3.951346118112269,High LTV
2522.4,2492.4035523855778,29.996447614421868,High LTV
4515.0,4494.868327415714,20.131672584286207,High LTV
1055.0,1130.2709495647466,-75.27094956474662,Medium LTV
4668.599999999999,4685.405965667294,-16.805965667294913,High LTV
345.8,259.16754707728,86.63245292272,Low LTV
694.75,646.8580215040364,47.8919784959636,Low LTV
71.0,99.95009394502212,-28.95009394502212,Low LTV
174.15,124.30108181831152,49.84891818168848,Low LTV
111.9,38.15287748813772,73.74712251186229,Low LTV
1397.25,1417.694736217036,-20.44473621703605,Medium LTV
2515.7,2455.329073846985,60.37092615301481,High LTV
2397.0,2444.439008382326,-47.43900838232594,High LTV
5446.799999999999,5415.171017730529,31.628982269470725,High LTV
2256.4500000000003,2068.0028090187807,188.4471909812196,Medium LTV
4282.2,4211.513926019183,70.68607398081713,High LTV
171.9,288.3650085216748,-116.46500852167478,Low LTV
19.6,8.61973042421225,10.980269575787752,Low LTV
1775.0,1786.6517631420568,-11.65176314205678,Medium LTV
4660.299999999999,4710.527938771484,-50.22793877148433,High LTV
1991.85,1977.387736904397,14.462263095603248,Medium LTV
2520.0,2582.47301404564,-62.47301404563996,High LTV
1195.8000000000002,1264.991614059713,-69.19161405971249,Medium LTV
910.8,968.8313354460892,-58.0313354460892,Medium LTV
775.2,679.8629588451286,95.33704115487149,Low LTV
5082.0,5051.71292990966,30.28707009034042,High LTV
2380.0,2389.727849435174,-9.727849435173994,High LTV
1198.5,1221.5007715106676,-23.00077151066762,Medium LTV
1007.5,1030.0391061101009,-22.539106110100988,Medium LTV
2002.8,2121.9539646828985,-119.15396468289828,Medium LTV
1619.0,1613.1029841876557,5.897015812344307,Medium LTV
1966.55,1895.075462945258,71.47453705474186,Medium LTV
1384.5,1397.492077796163,-12.992077796162905,Medium LTV
4003.3,3887.7085973331855,115.59140266681334,High LTV
499.2,475.804936335638,23.395063664362,Low LTV
1438.65,1440.6761876158698,-2.0261876158697305,Medium LTV
92.4,-90.39739802021762,182.79739802021763,Low LTV
783.9000000000001,858.5850607508407,-74.68506075084065,Low LTV
3762.0,3835.694298079686,-73.69429807968618,High LTV
6004.95,5998.77155066908,6.178449330919648,High LTV
860.2,865.4416981508767,-5.241698150876687,Low LTV
975.15,1083.857842238093,-108.70784223809324,Medium LTV
48.1,-46.57001202553704,94.67001202553703,Low LTV
1363.2,1385.4156980199982,-22.21569801999817,Medium LTV
2315.7000000000003,2191.825028037724,123.87497196227604,Medium LTV
648.5999999999999,565.8864018549066,82.71359814509333,Low LTV
3368.75,3260.8853543835457,107.86464561645424,High LTV
5048.099999999999,5025.06982435492,23.030175645079908,High LTV
1407.0,1418.8934445215953,-11.893444521595256,Medium LTV
3114.0,3145.8755635673283,-31.8755635673283,High LTV
384.0,321.25263098148014,62.74736901851986,Low LTV
1871.05,1813.6726951819248,57.37730481807512,Medium LTV
1083.5,1086.1138175950678,-2.613817595067758,Medium LTV
5358.0,5244.165421690208,113.83457830979204,High LTV
1269.4499999999998,1295.0949728183668,-25.644972818367023,Medium LTV
1512.8,1511.952252201964,0.8477477980359254,Medium LTV
2186.0,2098.211221950107,87.78877804989315,Medium LTV
1119.0,960.8161687343542,158.18383126564584,Medium LTV
102.1,40.55570790643611,61.54429209356388,Low LTV
4191.0,4171.007817582862,19.992182417137883,High LTV
571.9499999999999,574.7758691133872,-2.8258691133872844,Low LTV
1356.75,1307.5845732108355,49.165426789164485,Medium LTV
1593.4,1619.2554101334397,-25.85541013343959,Medium LTV
1203.6,1225.621911459294,-22.02191145929396,Medium LTV
796.0,825.9370500938014,-29.937050093801417,Low LTV
1891.35,1982.666567523613,-91.31656752361278,Medium LTV
1607.4,1652.750928902861,-45.35092890286114,Medium LTV
138.95000000000002,152.9385522277755,-13.988552227775472,Low LTV
49.2,-23.721979577380864,72.92197957738087,Low LTV
160.3,196.56851211248977,-36.26851211248976,Low LTV
383.1,344.16559113360006,38.93440886639996,Low LTV
1537.6,1572.55836901744,-34.95836901743996,Medium LTV
2990.0,3081.962423657769,-91.9624236577688,High LTV
3630.9,3683.650005888296,-52.75000588829562,High LTV
2371.3,2414.380023100016,-43.080023100016206,High LTV
368.1,239.2017914963681,128.89820850363196,Low LTV
708.55,731.7820172975275,-23.23201729752759,Low LTV
113.65,111.60246561930208,2.0475343806979254,Low LTV
355.3,331.47909167600363,23.820908323996377,Low LTV
2307.5,2320.5551266728885,-13.055126672888491,High LTV
357.0,292.8688336178992,64.13116638210079,Low LTV
5923.5,5884.044450575586,39.45554942441413,High LTV
302.5,482.0722671063127,-179.57226710631272,Low LTV
3897.6,3817.09754614921,80.50245385079006,High LTV
115.8,57.74202851781532,58.05797148218468,Low LTV
1142.9,1055.2599186793725,87.64008132062781,Medium LTV
5937.45,5918.875299591145,18.57470040885437,High LTV
688.5,650.2957732691594,38.20422673084056,Low LTV
3790.0,3833.045071428533,-43.04507142853254,High LTV
1420.0,1442.952631230719,-22.95263123071868,Medium LTV
1708.8,1792.3156126352278,-83.51561263522785,Medium LTV
419.25,457.93071013957695,-38.68071013957695,Low LTV
1374.3,1360.3417508374996,13.958249162500351,Medium LTV
368.8,282.31115202560704,86.48884797439297,Low LTV
1382.4,1311.1221038655472,71.27789613445293,Medium LTV
1749.6,1887.2124383662936,-137.61243836629365,Medium LTV
1073.8,1069.6412630011357,4.15873699886447,Medium LTV
2102.0,2197.155523366758,-95.15552336675864,Medium LTV
3767.4,3804.708863259342,-37.308863259341706,High LTV
4298.4,4254.4463263621765,43.95367363782316,High LTV
112.6,35.075109205584305,77.52489079441568,Low LTV
997.75,993.7141603995522,4.035839600447844,Medium LTV
3548.5,3530.460842609164,18.039157390835957,High LTV
873.4000000000001,934.2950822373924,-60.89508223739245,Medium LTV
3848.95,3807.9511847181175,40.99881528188234,High LTV
1160.9,1049.43863036316,111.46136963684012,Medium LTV
508.9500000000001,477.3264568812763,31.623543118723774,Low LTV
1669.2,1624.800755129636,44.3992448703641,Medium LTV
4832.75,4797.059750723882,35.690249276118266,High LTV
1438.5,1458.431742287668,-19.93174228766793,Medium LTV
3822.0,3802.987438566299,19.012561433701197,High LTV
227.3,515.2087708682502,-287.9087708682502,Low LTV
1320.2,1204.9378087786895,115.26219122131056,Medium LTV
1815.0,1770.456791228133,44.54320877186706,Medium LTV
3738.6,3714.5020252204495,24.09797477954953,High LTV
50.3,-138.01195249140136,188.31195249140137,Low LTV
977.6,1031.681052619109,-54.08105261910907,Medium LTV
2204.8,2155.4516256259403,49.34837437405941,Medium LTV
5281.2,5273.083179962545,8.116820037455,High LTV
3407.25,3385.527139849092,21.722860150908677,High LTV
790.0,793.2887191039736,-3.2887191039735626,Low LTV
1451.25,1413.4705301638778,37.77946983612219,Medium LTV
2497.05,2536.706424470767,-39.65642447076743,High LTV
735.35,680.4262247336048,54.92377526639518,Low LTV
882.0000000000001,860.2578808980234,21.742119101976755,Low LTV
79.5,93.56941658133636,-14.06941658133637,Low LTV
1076.4,1074.93073263039,1.4692673696097245,Medium LTV
2703.0,2725.6324150018627,-22.63241500186268,High LTV
921.6,956.1852248604616,-34.58522486046172,Medium LTV
1473.25,1484.5519587620918,-11.301958762091772,Medium LTV
955.5,933.8907004994312,21.60929950056868,Medium LTV
87.95,2.004588185693734,85.94541181430627,Low LTV
436.7000000000001,471.6130247986036,-34.913024798603544,Low LTV
4850.7,4877.713663385071,-27.013663385071595,High LTV
2792.2000000000003,2763.6993887964964,28.50061120350392,High LTV
177.1,104.0283849582249,73.07161504177509,Low LTV
302.0,410.93322698909645,-108.93322698909644,Low LTV
225.6,124.7843034501365,100.81569654986347,Low LTV
2573.25,2672.3560227937314,-99.10602279373144,High LTV
238.35,245.39671521678724,-7.04671521678722,Low LTV
2235.2,2262.319046889664,-27.11904688966433,Medium LTV
462.25,539.8005061725466,-77.55050617254665,Low LTV
4659.9,4506.717113527819,153.18288647218105,High LTV
93.2,236.96292980664865,-143.76292980664863,Low LTV
398.8,395.0555000213072,3.744499978692773,Low LTV
3391.6,3419.3562129489205,-27.75621294892062,High LTV
4491.75,4444.028406444362,47.72159355563781,High LTV
82.0,-62.25376648567118,144.25376648567118,Low LTV
1409.35,1421.8637716583453,-12.51377165834515,Medium LTV
317.85,267.04087608150803,50.809123918491935,Low LTV
2294.75,2317.26325389848,-22.51325389847989,Medium LTV
5470.2,5472.908280098765,-2.708280098765499,High LTV
478.8,480.2892315588095,-1.4892315588095355,Low LTV
571.8,615.0630386583651,-43.26303865836519,Low LTV
3084.6000000000004,3137.3589063155955,-52.75890631559514,High LTV
3219.0,3225.196183900942,-6.196183900941833,High LTV
1344.0,1363.865896760652,-19.86589676065205,Medium LTV
113.65,51.97979275368194,61.670207246318064,Low LTV
1714.95,1685.2221957992335,29.727804200766517,Medium LTV
1403.5,1412.340740321098,-8.84074032109811,Medium LTV
2530.5,2517.4754792773674,13.024520722632587,High LTV
2801.75,2746.2233602666206,55.5266397333794,High LTV
1029.6,1129.7126858920112,-100.11268589201109,Medium LTV
1206.0,1224.7760844575896,-18.776084457589604,Medium LTV
3974.150000000001,3955.3931618621423,18.756838137858267,High LTV
3284.8,3277.4570890996342,7.3429109003659505,High LTV
1892.0,1793.9154896077057,98.0845103922943,Medium LTV
1944.0,2040.6229382806507,-96.62293828065071,Medium LTV
2606.5,2471.8918660219715,134.6081339780285,High LTV
3588.9,3634.337827726781,-45.43782772678105,High LTV
503.75,400.5970050674925,103.15299493250744,Low LTV
1429.2,1456.5891747139672,-27.38917471396712,Medium LTV
2937.6,2964.090727042365,-26.49072704236505,High LTV
419.65,408.8494275850915,10.800572414908515,Low LTV
172.35,187.76456676997185,-15.414566769971856,Low LTV
3376.3,3386.634005469709,-10.334005469709156,High LTV
1375.5,1406.045483890445,-30.545483890444984,Medium LTV
1490.4,1470.5471386787904,19.85286132120973,Medium LTV
611.2,596.2066042465527,14.993395753447317,Low LTV
2901.6000000000004,2902.997979890464,-1.39797989046383,High LTV
1722.0,1700.5414522109445,21.4585477890555,Medium LTV
1956.9,2060.499197222747,-103.5991972227473,Medium LTV
2472.5,2527.5423673544674,-55.04236735446739,High LTV
99.0,108.1646623988475,-9.164662398847495,Low LTV
1641.0,1644.5595871969708,-3.559587196970824,Medium LTV
3230.0,3243.311573365506,-13.311573365505865,High LTV
2460.65,2462.187070871234,-1.5370708712343912,High LTV
2672.2000000000003,2865.604494307324,-193.4044943073236,High LTV
3180.9,3187.0052199511133,-6.105219951113213,High LTV
2717.65,2625.9119094624198,91.73809053758076,High LTV
1120.05,1087.740431066814,32.30956893318603,Medium LTV
1267.5,1284.0535430360376,-16.55354303603758,Medium LTV
66.75,64.41599593699289,2.3340040630071144,Low LTV
1281.8000000000002,1286.439418822587,-4.6394188225867765,Medium LTV
1263.0,1275.4998018592576,-12.49980185925756,Medium LTV
2505.6,2525.8115984884253,-20.211598488425352,High LTV
3772.8,3816.58484665304,-43.78484665303995,High LTV
95.1,42.56074298972973,52.53925701027026,Low LTV
